"Correlation id","Operation name","Status","Event category","Level","Time","Subscription","Event initiated by","Resource type","Resource group","Resource"
"320ef91f-089c-430a-89e7-0888d238bf73","Stop Managed Cluster","Succeeded","Administrative","Informational","2026-08-14T23:45:26.897Z","6ad49bb6-a255-4718-b1c5-dce7e90c4130","zinal3933@gmail.com","Microsoft.ContainerService/managedClusters","rg-dr-primary-eastus","/subscriptions/6ad49bb6-a255-4718-b1c5-dce7e90c4130/resourceGroups/rg-dr-primary-eastus/providers/Microsoft.ContainerService/managedClusters/aks-primary-eastus"
"320ef91f-089c-430a-89e7-0888d238bf73","Stop Managed Cluster","Started","Administrative","Informational","2026-08-14T23:43:24.661Z","6ad49bb6-a255-4718-b1c5-dce7e90c4130","zinal3933@gmail.com","Microsoft.ContainerService/managedClusters","rg-dr-primary-eastus","/subscriptions/6ad49bb6-a255-4718-b1c5-dce7e90c4130/resourceGroups/rg-dr-primary-eastus/providers/Microsoft.ContainerService/managedClusters/aks-primary-eastus"
"320ef91f-089c-430a-89e7-0888d238bf73","Stop Managed Cluster","Accepted","Administrative","Informational","2026-08-14T23:43:25.083Z","6ad49bb6-a255-4718-b1c5-dce7e90c4130","zinal3933@gmail.com","Microsoft.ContainerService/managedClusters","rg-dr-primary-eastus","/subscriptions/6ad49bb6-a255-4718-b1c5-dce7e90c4130/resourceGroups/rg-dr-primary-eastus/providers/Microsoft.ContainerService/managedClusters/aks-primary-eastus"
"320ef91f-089c-430a-89e7-0888d238bf73","Delete Virtual Machines in a Virtual Machine Scale Set","Started","Administrative","Informational","2026-08-14T23:43:32.751Z","6ad49bb6-a255-4718-b1c5-dce7e90c4130","AzureContainerService","Microsoft.Compute/virtualMachineScaleSets","MC_rg-dr-primary-eastus_aks-primary-eastus_eastus","/subscriptions/6ad49bb6-a255-4718-b1c5-dce7e90c4130/resourceGroups/MC_rg-dr-primary-eastus_aks-primary-eastus_eastus/providers/Microsoft.Compute/virtualMachineScaleSets/aks-nodepool1-17411545-vmss"
"320ef91f-089c-430a-89e7-0888d238bf73","Delete Virtual Machines in a Virtual Machine Scale Set","Accepted","Administrative","Informational","2026-08-14T23:43:32.891Z","6ad49bb6-a255-4718-b1c5-dce7e90c4130","AzureContainerService","Microsoft.Compute/virtualMachineScaleSets","MC_rg-dr-primary-eastus_aks-primary-eastus_eastus","/subscriptions/6ad49bb6-a255-4718-b1c5-dce7e90c4130/resourceGroups/MC_rg-dr-primary-eastus_aks-primary-eastus_eastus/providers/Microsoft.Compute/virtualMachineScaleSets/aks-nodepool1-17411545-vmss"
"320ef91f-089c-430a-89e7-0888d238bf73","Delete Virtual Machines in a Virtual Machine Scale Set","Succeeded","Administrative","Informational","2026-08-14T23:43:36.256Z","6ad49bb6-a255-4718-b1c5-dce7e90c4130","AzureContainerService","Microsoft.Compute/virtualMachineScaleSets","MC_rg-dr-primary-eastus_aks-primary-eastus_eastus","/subscriptions/6ad49bb6-a255-4718-b1c5-dce7e90c4130/resourceGroups/MC_rg-dr-primary-eastus_aks-primary-eastus_eastus/providers/Microsoft.Compute/virtualMachineScaleSets/aks-nodepool1-17411545-vmss"
"255c16eb-2186-4deb-a436-7946b6d5c511","Create or Update Network Security Group","Succeeded","Administrative","Informational","2026-08-14T23:43:34.564Z","6ad49bb6-a255-4718-b1c5-dce7e90c4130","aks-primary-eastus","Microsoft.Network/networkSecurityGroups","mc_rg-dr-primary-eastus_aks-primary-eastus_eastus","/subscriptions/6ad49bb6-a255-4718-b1c5-dce7e90c4130/resourceGroups/mc_rg-dr-primary-eastus_aks-primary-eastus_eastus/providers/Microsoft.Network/networkSecurityGroups/aks-agentpool-26619185-nsg"
"255c16eb-2186-4deb-a436-7946b6d5c511","Create or Update Network Security Group","Started","Administrative","Informational","2026-08-14T23:43:34.454Z","6ad49bb6-a255-4718-b1c5-dce7e90c4130","aks-primary-eastus","Microsoft.Network/networkSecurityGroups","mc_rg-dr-primary-eastus_aks-primary-eastus_eastus","/subscriptions/6ad49bb6-a255-4718-b1c5-dce7e90c4130/resourceGroups/mc_rg-dr-primary-eastus_aks-primary-eastus_eastus/providers/Microsoft.Network/networkSecurityGroups/aks-agentpool-26619185-nsg"
"af9887da-9310-4b09-aeff-e38d21a870ba","Start Managed Cluster","Succeeded","Administrative","Informational","2026-08-14T23:42:09.122Z","6ad49bb6-a255-4718-b1c5-dce7e90c4130","zinal3933@gmail.com","Microsoft.ContainerService/managedClusters","rg-dr-primary-eastus","/subscriptions/6ad49bb6-a255-4718-b1c5-dce7e90c4130/resourceGroups/rg-dr-primary-eastus/providers/Microsoft.ContainerService/managedClusters/aks-primary-eastus"
"af9887da-9310-4b09-aeff-e38d21a870ba","Start Managed Cluster","Started","Administrative","Informational","2026-08-14T23:37:50.299Z","6ad49bb6-a255-4718-b1c5-dce7e90c4130","zinal3933@gmail.com","Microsoft.ContainerService/managedClusters","rg-dr-primary-eastus","/subscriptions/6ad49bb6-a255-4718-b1c5-dce7e90c4130/resourceGroups/rg-dr-primary-eastus/providers/Microsoft.ContainerService/managedClusters/aks-primary-eastus"
"af9887da-9310-4b09-aeff-e38d21a870ba","Start Managed Cluster","Accepted","Administrative","Informational","2026-08-14T23:37:50.533Z","6ad49bb6-a255-4718-b1c5-dce7e90c4130","zinal3933@gmail.com","Microsoft.ContainerService/managedClusters","rg-dr-primary-eastus","/subscriptions/6ad49bb6-a255-4718-b1c5-dce7e90c4130/resourceGroups/rg-dr-primary-eastus/providers/Microsoft.ContainerService/managedClusters/aks-primary-eastus"
"af9887da-9310-4b09-aeff-e38d21a870ba","Update resource group","Started","Administrative","Informational","2026-08-14T23:37:51.475Z","6ad49bb6-a255-4718-b1c5-dce7e90c4130","AzureContainerService","Microsoft.Resources/subscriptions/resourcegroups","MC_rg-dr-primary-eastus_aks-primary-eastus_eastus","/subscriptions/6ad49bb6-a255-4718-b1c5-dce7e90c4130/resourcegroups/MC_rg-dr-primary-eastus_aks-primary-eastus_eastus"
"af9887da-9310-4b09-aeff-e38d21a870ba","Update resource group","Succeeded","Administrative","Informational","2026-08-14T23:37:53.459Z","6ad49bb6-a255-4718-b1c5-dce7e90c4130","AzureContainerService","Microsoft.Resources/subscriptions/resourcegroups","MC_rg-dr-primary-eastus_aks-primary-eastus_eastus","/subscriptions/6ad49bb6-a255-4718-b1c5-dce7e90c4130/resourcegroups/MC_rg-dr-primary-eastus_aks-primary-eastus_eastus"
"af9887da-9310-4b09-aeff-e38d21a870ba","Create or Update Load Balancer","Started","Administrative","Informational","2026-08-14T23:37:56.880Z","6ad49bb6-a255-4718-b1c5-dce7e90c4130","AzureContainerService","Microsoft.Network/loadBalancers","MC_rg-dr-primary-eastus_aks-primary-eastus_eastus","/subscriptions/6ad49bb6-a255-4718-b1c5-dce7e90c4130/resourceGroups/MC_rg-dr-primary-eastus_aks-primary-eastus_eastus/providers/Microsoft.Network/loadBalancers/kubernetes"
"af9887da-9310-4b09-aeff-e38d21a870ba","Create or Update Load Balancer","Succeeded","Administrative","Informational","2026-08-14T23:37:57.037Z","6ad49bb6-a255-4718-b1c5-dce7e90c4130","AzureContainerService","Microsoft.Network/loadBalancers","MC_rg-dr-primary-eastus_aks-primary-eastus_eastus","/subscriptions/6ad49bb6-a255-4718-b1c5-dce7e90c4130/resourceGroups/MC_rg-dr-primary-eastus_aks-primary-eastus_eastus/providers/Microsoft.Network/loadBalancers/kubernetes"
"af9887da-9310-4b09-aeff-e38d21a870ba","Delete Public Ip Address","Started","Administrative","Informational","2026-08-14T23:37:57.303Z","6ad49bb6-a255-4718-b1c5-dce7e90c4130","AzureContainerService","Microsoft.Network/publicIPAddresses","MC_rg-dr-primary-eastus_aks-primary-eastus_eastus","/subscriptions/6ad49bb6-a255-4718-b1c5-dce7e90c4130/resourceGroups/MC_rg-dr-primary-eastus_aks-primary-eastus_eastus/providers/Microsoft.Network/publicIPAddresses/aks-managed-temp-outbound-ip"
"af9887da-9310-4b09-aeff-e38d21a870ba","Delete Public Ip Address","Succeeded","Administrative","Informational","2026-08-14T23:37:57.381Z","6ad49bb6-a255-4718-b1c5-dce7e90c4130","AzureContainerService","Microsoft.Network/publicIPAddresses","MC_rg-dr-primary-eastus_aks-primary-eastus_eastus","/subscriptions/6ad49bb6-a255-4718-b1c5-dce7e90c4130/resourceGroups/MC_rg-dr-primary-eastus_aks-primary-eastus_eastus/providers/Microsoft.Network/publicIPAddresses/aks-managed-temp-outbound-ip"
"af9887da-9310-4b09-aeff-e38d21a870ba","Set Resource Ownership","Started","Administrative","Informational","2026-08-14T23:38:00.070Z","6ad49bb6-a255-4718-b1c5-dce7e90c4130","AzureContainerService","Microsoft.Network/locations","","/subscriptions/6ad49bb6-a255-4718-b1c5-dce7e90c4130/providers/Microsoft.Network/locations/eastus"
"af9887da-9310-4b09-aeff-e38d21a870ba","Set Resource Ownership","Accepted","Administrative","Informational","2026-08-14T23:38:00.148Z","6ad49bb6-a255-4718-b1c5-dce7e90c4130","AzureContainerService","Microsoft.Network/locations","","/subscriptions/6ad49bb6-a255-4718-b1c5-dce7e90c4130/providers/Microsoft.Network/locations/eastus"
"af9887da-9310-4b09-aeff-e38d21a870ba","Create or Update Virtual Machine Scale Set","Started","Administrative","Informational","2026-08-14T23:39:39.854Z","6ad49bb6-a255-4718-b1c5-dce7e90c4130","AzureContainerService","Microsoft.Compute/virtualMachineScaleSets","MC_rg-dr-primary-eastus_aks-primary-eastus_eastus","/subscriptions/6ad49bb6-a255-4718-b1c5-dce7e90c4130/resourceGroups/MC_rg-dr-primary-eastus_aks-primary-eastus_eastus/providers/Microsoft.Compute/virtualMachineScaleSets/aks-nodepool1-17411545-vmss"
"af9887da-9310-4b09-aeff-e38d21a870ba","Create or Update Virtual Machine Scale Set","Accepted","Administrative","Informational","2026-08-14T23:39:41.167Z","6ad49bb6-a255-4718-b1c5-dce7e90c4130","AzureContainerService","Microsoft.Compute/virtualMachineScaleSets","MC_rg-dr-primary-eastus_aks-primary-eastus_eastus","/subscriptions/6ad49bb6-a255-4718-b1c5-dce7e90c4130/resourceGroups/MC_rg-dr-primary-eastus_aks-primary-eastus_eastus/providers/Microsoft.Compute/virtualMachineScaleSets/aks-nodepool1-17411545-vmss"
"af9887da-9310-4b09-aeff-e38d21a870ba","Create or Update Virtual Machine Scale Set","Succeeded","Administrative","Informational","2026-08-14T23:40:56.058Z","6ad49bb6-a255-4718-b1c5-dce7e90c4130","AzureContainerService","Microsoft.Compute/virtualMachineScaleSets","MC_rg-dr-primary-eastus_aks-primary-eastus_eastus","/subscriptions/6ad49bb6-a255-4718-b1c5-dce7e90c4130/resourcegroups/MC_rg-dr-primary-eastus_aks-primary-eastus_eastus/providers/Microsoft.Compute/virtualMachineScaleSets/aks-nodepool1-17411545-vmss"
"af9887da-9310-4b09-aeff-e38d21a870ba","Validate Deployment","Started","Administrative","Informational","2026-08-14T23:42:04.937Z","6ad49bb6-a255-4718-b1c5-dce7e90c4130","AzureContainerService","Microsoft.Resources/deployments","MC_rg-dr-primary-eastus_aks-primary-eastus_eastus","/subscriptions/6ad49bb6-a255-4718-b1c5-dce7e90c4130/resourceGroups/MC_rg-dr-primary-eastus_aks-primary-eastus_eastus/providers/Microsoft.Resources/deployments/testCreateExtensions"
"af9887da-9310-4b09-aeff-e38d21a870ba","Validate Deployment","Succeeded","Administrative","Informational","2026-08-14T23:42:05.625Z","6ad49bb6-a255-4718-b1c5-dce7e90c4130","AzureContainerService","Microsoft.Resources/deployments","MC_rg-dr-primary-eastus_aks-primary-eastus_eastus","/subscriptions/6ad49bb6-a255-4718-b1c5-dce7e90c4130/resourceGroups/MC_rg-dr-primary-eastus_aks-primary-eastus_eastus/providers/Microsoft.Resources/deployments/testCreateExtensions"
"b2752612-d043-4eff-8d54-f06bc45ce4ec","Start Managed Cluster","Failed","Administrative","Error","2026-08-14T23:40:59.709Z","6ad49bb6-a255-4718-b1c5-dce7e90c4130","zinal3933@gmail.com","Microsoft.ContainerService/managedClusters","rg-dr-primary-eastus","/subscriptions/6ad49bb6-a255-4718-b1c5-dce7e90c4130/resourceGroups/rg-dr-primary-eastus/providers/Microsoft.ContainerService/managedClusters/aks-primary-eastus"
"b2752612-d043-4eff-8d54-f06bc45ce4ec","Start Managed Cluster","Started","Administrative","Informational","2026-08-14T23:40:59.599Z","6ad49bb6-a255-4718-b1c5-dce7e90c4130","zinal3933@gmail.com","Microsoft.ContainerService/managedClusters","rg-dr-primary-eastus","/subscriptions/6ad49bb6-a255-4718-b1c5-dce7e90c4130/resourceGroups/rg-dr-primary-eastus/providers/Microsoft.ContainerService/managedClusters/aks-primary-eastus"
"4b62cf1d-c912-47cf-8b90-02bbea2fd55f","Create or Update Network Security Group","Succeeded","Administrative","Informational","2026-08-14T23:40:07.864Z","6ad49bb6-a255-4718-b1c5-dce7e90c4130","aks-primary-eastus","Microsoft.Network/networkSecurityGroups","mc_rg-dr-primary-eastus_aks-primary-eastus_eastus","/subscriptions/6ad49bb6-a255-4718-b1c5-dce7e90c4130/resourceGroups/mc_rg-dr-primary-eastus_aks-primary-eastus_eastus/providers/Microsoft.Network/networkSecurityGroups/aks-agentpool-26619185-nsg"
"4b62cf1d-c912-47cf-8b90-02bbea2fd55f","Create or Update Network Security Group","Started","Administrative","Informational","2026-08-14T23:40:07.755Z","6ad49bb6-a255-4718-b1c5-dce7e90c4130","aks-primary-eastus","Microsoft.Network/networkSecurityGroups","mc_rg-dr-primary-eastus_aks-primary-eastus_eastus","/subscriptions/6ad49bb6-a255-4718-b1c5-dce7e90c4130/resourceGroups/mc_rg-dr-primary-eastus_aks-primary-eastus_eastus/providers/Microsoft.Network/networkSecurityGroups/aks-agentpool-26619185-nsg"
"368485a7-a166-4ede-824c-bf5ebf751ebb","Create or Update Network Security Group","Succeeded","Administrative","Informational","2026-08-14T23:40:05.033Z","6ad49bb6-a255-4718-b1c5-dce7e90c4130","aks-primary-eastus","Microsoft.Network/networkSecurityGroups","mc_rg-dr-primary-eastus_aks-primary-eastus_eastus","/subscriptions/6ad49bb6-a255-4718-b1c5-dce7e90c4130/resourceGroups/mc_rg-dr-primary-eastus_aks-primary-eastus_eastus/providers/Microsoft.Network/networkSecurityGroups/aks-agentpool-26619185-nsg"
"368485a7-a166-4ede-824c-bf5ebf751ebb","Create or Update Network Security Group","Started","Administrative","Informational","2026-08-14T23:40:04.939Z","6ad49bb6-a255-4718-b1c5-dce7e90c4130","aks-primary-eastus","Microsoft.Network/networkSecurityGroups","mc_rg-dr-primary-eastus_aks-primary-eastus_eastus","/subscriptions/6ad49bb6-a255-4718-b1c5-dce7e90c4130/resourceGroups/mc_rg-dr-primary-eastus_aks-primary-eastus_eastus/providers/Microsoft.Network/networkSecurityGroups/aks-agentpool-26619185-nsg"
"d4ec5237-105f-4a05-8be4-2bfc01c578b0","Create or Update Network Security Group","Succeeded","Administrative","Informational","2026-08-14T23:39:55.034Z","6ad49bb6-a255-4718-b1c5-dce7e90c4130","aks-primary-eastus","Microsoft.Network/networkSecurityGroups","mc_rg-dr-primary-eastus_aks-primary-eastus_eastus","/subscriptions/6ad49bb6-a255-4718-b1c5-dce7e90c4130/resourceGroups/mc_rg-dr-primary-eastus_aks-primary-eastus_eastus/providers/Microsoft.Network/networkSecurityGroups/aks-agentpool-26619185-nsg"
"d4ec5237-105f-4a05-8be4-2bfc01c578b0","Create or Update Network Security Group","Started","Administrative","Informational","2026-08-14T23:39:54.877Z","6ad49bb6-a255-4718-b1c5-dce7e90c4130","aks-primary-eastus","Microsoft.Network/networkSecurityGroups","mc_rg-dr-primary-eastus_aks-primary-eastus_eastus","/subscriptions/6ad49bb6-a255-4718-b1c5-dce7e90c4130/resourceGroups/mc_rg-dr-primary-eastus_aks-primary-eastus_eastus/providers/Microsoft.Network/networkSecurityGroups/aks-agentpool-26619185-nsg"
"e190a8b2-f481-46fc-b02f-3cc17ca2797d","Create or update action group","Succeeded","Administrative","Informational","2026-08-14T23:32:10.333Z","6ad49bb6-a255-4718-b1c5-dce7e90c4130","zinal3933@gmail.com","Microsoft.Insights/actionGroups","rg-dr-primary-eastus","/subscriptions/6ad49bb6-a255-4718-b1c5-dce7e90c4130/resourceGroups/rg-dr-primary-eastus/providers/Microsoft.Insights/actionGroups/ag-dr-alerts"
"e190a8b2-f481-46fc-b02f-3cc17ca2797d","Create or update action group","Started","Administrative","Informational","2026-08-14T23:32:09.926Z","6ad49bb6-a255-4718-b1c5-dce7e90c4130","zinal3933@gmail.com","Microsoft.Insights/actionGroups","rg-dr-primary-eastus","/subscriptions/6ad49bb6-a255-4718-b1c5-dce7e90c4130/resourceGroups/rg-dr-primary-eastus/providers/Microsoft.Insights/actionGroups/ag-dr-alerts"
"5a096707-1231-416d-96c6-5418f0a5a992","Stop Managed Cluster","Succeeded","Administrative","Informational","2026-08-14T23:05:15.103Z","6ad49bb6-a255-4718-b1c5-dce7e90c4130","zinal3933@gmail.com","Microsoft.ContainerService/managedClusters","rg-dr-primary-eastus","/subscriptions/6ad49bb6-a255-4718-b1c5-dce7e90c4130/resourceGroups/rg-dr-primary-eastus/providers/Microsoft.ContainerService/managedClusters/aks-primary-eastus"
"5a096707-1231-416d-96c6-5418f0a5a992","Stop Managed Cluster","Started","Administrative","Informational","2026-08-14T23:02:55.478Z","6ad49bb6-a255-4718-b1c5-dce7e90c4130","zinal3933@gmail.com","Microsoft.ContainerService/managedClusters","rg-dr-primary-eastus","/subscriptions/6ad49bb6-a255-4718-b1c5-dce7e90c4130/resourceGroups/rg-dr-primary-eastus/providers/Microsoft.ContainerService/managedClusters/aks-primary-eastus"
"5a096707-1231-416d-96c6-5418f0a5a992","Stop Managed Cluster","Accepted","Administrative","Informational","2026-08-14T23:02:55.947Z","6ad49bb6-a255-4718-b1c5-dce7e90c4130","zinal3933@gmail.com","Microsoft.ContainerService/managedClusters","rg-dr-primary-eastus","/subscriptions/6ad49bb6-a255-4718-b1c5-dce7e90c4130/resourceGroups/rg-dr-primary-eastus/providers/Microsoft.ContainerService/managedClusters/aks-primary-eastus"
"5a096707-1231-416d-96c6-5418f0a5a992","Delete Virtual Machines in a Virtual Machine Scale Set","Started","Administrative","Informational","2026-08-14T23:03:08.223Z","6ad49bb6-a255-4718-b1c5-dce7e90c4130","AzureContainerService","Microsoft.Compute/virtualMachineScaleSets","MC_rg-dr-primary-eastus_aks-primary-eastus_eastus","/subscriptions/6ad49bb6-a255-4718-b1c5-dce7e90c4130/resourceGroups/MC_rg-dr-primary-eastus_aks-primary-eastus_eastus/providers/Microsoft.Compute/virtualMachineScaleSets/aks-nodepool1-17411545-vmss"
"5a096707-1231-416d-96c6-5418f0a5a992","Delete Virtual Machines in a Virtual Machine Scale Set","Accepted","Administrative","Informational","2026-08-14T23:03:08.332Z","6ad49bb6-a255-4718-b1c5-dce7e90c4130","AzureContainerService","Microsoft.Compute/virtualMachineScaleSets","MC_rg-dr-primary-eastus_aks-primary-eastus_eastus","/subscriptions/6ad49bb6-a255-4718-b1c5-dce7e90c4130/resourceGroups/MC_rg-dr-primary-eastus_aks-primary-eastus_eastus/providers/Microsoft.Compute/virtualMachineScaleSets/aks-nodepool1-17411545-vmss"
"5a096707-1231-416d-96c6-5418f0a5a992","Delete Virtual Machines in a Virtual Machine Scale Set","Succeeded","Administrative","Informational","2026-08-14T23:03:11.449Z","6ad49bb6-a255-4718-b1c5-dce7e90c4130","AzureContainerService","Microsoft.Compute/virtualMachineScaleSets","MC_rg-dr-primary-eastus_aks-primary-eastus_eastus","/subscriptions/6ad49bb6-a255-4718-b1c5-dce7e90c4130/resourceGroups/MC_rg-dr-primary-eastus_aks-primary-eastus_eastus/providers/Microsoft.Compute/virtualMachineScaleSets/aks-nodepool1-17411545-vmss"
"4ee0f938-1fbf-4ad5-98a8-09152d79b096","Health Event Activated","Active","Resource Health","Critical","2026-08-14T23:04:44.447Z","6ad49bb6-a255-4718-b1c5-dce7e90c4130","","MICROSOFT.COMPUTE/virtualmachinescalesets","MC_RG-DR-PRIMARY-EASTUS_AKS-PRIMARY-EASTUS_EASTUS","/SUBSCRIPTIONS/6AD49BB6-A255-4718-B1C5-DCE7E90C4130/RESOURCEGROUPS/MC_RG-DR-PRIMARY-EASTUS_AKS-PRIMARY-EASTUS_EASTUS/PROVIDERS/MICROSOFT.COMPUTE/VIRTUALMACHINESCALESETS/AKS-NODEPOOL1-17411545-VMSS"
"4ee0f938-1fbf-4ad5-98a8-09152d79b096","Health Event Updated","Updated","Resource Health","Informational","2026-08-14T23:04:44.447Z","6ad49bb6-a255-4718-b1c5-dce7e90c4130","","MICROSOFT.COMPUTE/virtualmachinescalesets","MC_RG-DR-PRIMARY-EASTUS_AKS-PRIMARY-EASTUS_EASTUS","/SUBSCRIPTIONS/6AD49BB6-A255-4718-B1C5-DCE7E90C4130/RESOURCEGROUPS/MC_RG-DR-PRIMARY-EASTUS_AKS-PRIMARY-EASTUS_EASTUS/PROVIDERS/MICROSOFT.COMPUTE/VIRTUALMACHINESCALESETS/AKS-NODEPOOL1-17411545-VMSS"
"c0ca175a-ebbc-4806-ac2d-fa77a00f4c01","Health Event Activated","Active","Resource Health","Critical","2026-08-14T23:04:26.770Z","6ad49bb6-a255-4718-b1c5-dce7e90c4130","","MICROSOFT.COMPUTE/virtualmachinescalesets","MC_RG-DR-PRIMARY-EASTUS_AKS-PRIMARY-EASTUS_EASTUS","/SUBSCRIPTIONS/6AD49BB6-A255-4718-B1C5-DCE7E90C4130/RESOURCEGROUPS/MC_RG-DR-PRIMARY-EASTUS_AKS-PRIMARY-EASTUS_EASTUS/PROVIDERS/MICROSOFT.COMPUTE/VIRTUALMACHINESCALESETS/AKS-NODEPOOL1-17411545-VMSS"
"c0ca175a-ebbc-4806-ac2d-fa77a00f4c01","Health Event Updated","Updated","Resource Health","Informational","2026-08-14T23:04:26.770Z","6ad49bb6-a255-4718-b1c5-dce7e90c4130","","MICROSOFT.COMPUTE/virtualmachinescalesets","MC_RG-DR-PRIMARY-EASTUS_AKS-PRIMARY-EASTUS_EASTUS","/SUBSCRIPTIONS/6AD49BB6-A255-4718-B1C5-DCE7E90C4130/RESOURCEGROUPS/MC_RG-DR-PRIMARY-EASTUS_AKS-PRIMARY-EASTUS_EASTUS/PROVIDERS/MICROSOFT.COMPUTE/VIRTUALMACHINESCALESETS/AKS-NODEPOOL1-17411545-VMSS"
"8485736c-bfef-4e9a-bbdf-dd11ee9013a7","Create or Update Network Security Group","Succeeded","Administrative","Informational","2026-08-14T23:03:10.066Z","6ad49bb6-a255-4718-b1c5-dce7e90c4130","aks-primary-eastus","Microsoft.Network/networkSecurityGroups","mc_rg-dr-primary-eastus_aks-primary-eastus_eastus","/subscriptions/6ad49bb6-a255-4718-b1c5-dce7e90c4130/resourceGroups/mc_rg-dr-primary-eastus_aks-primary-eastus_eastus/providers/Microsoft.Network/networkSecurityGroups/aks-agentpool-26619185-nsg"
"8485736c-bfef-4e9a-bbdf-dd11ee9013a7","Create or Update Network Security Group","Started","Administrative","Informational","2026-08-14T23:03:09.941Z","6ad49bb6-a255-4718-b1c5-dce7e90c4130","aks-primary-eastus","Microsoft.Network/networkSecurityGroups","mc_rg-dr-primary-eastus_aks-primary-eastus_eastus","/subscriptions/6ad49bb6-a255-4718-b1c5-dce7e90c4130/resourceGroups/mc_rg-dr-primary-eastus_aks-primary-eastus_eastus/providers/Microsoft.Network/networkSecurityGroups/aks-agentpool-26619185-nsg"
"1902f52d-b8f3-46a8-9adc-868095b58f15","Health Event Activated","Active","Resource Health","Informational","2026-08-14T23:03:09.968Z","6ad49bb6-a255-4718-b1c5-dce7e90c4130","","MICROSOFT.COMPUTE/virtualmachinescalesets/virtualmachines","MC_RG-DR-PRIMARY-EASTUS_AKS-PRIMARY-EASTUS_EASTUS","/SUBSCRIPTIONS/6AD49BB6-A255-4718-B1C5-DCE7E90C4130/RESOURCEGROUPS/MC_RG-DR-PRIMARY-EASTUS_AKS-PRIMARY-EASTUS_EASTUS/PROVIDERS/MICROSOFT.COMPUTE/VIRTUALMACHINESCALESETS/AKS-NODEPOOL1-17411545-VMSS/VIRTUALMACHINES/2"
"1902f52d-b8f3-46a8-9adc-868095b58f15","Health Event Updated","Updated","Resource Health","Informational","2026-08-14T23:03:09.330Z","6ad49bb6-a255-4718-b1c5-dce7e90c4130","","MICROSOFT.COMPUTE/virtualmachinescalesets/virtualmachines","MC_RG-DR-PRIMARY-EASTUS_AKS-PRIMARY-EASTUS_EASTUS","/SUBSCRIPTIONS/6AD49BB6-A255-4718-B1C5-DCE7E90C4130/RESOURCEGROUPS/MC_RG-DR-PRIMARY-EASTUS_AKS-PRIMARY-EASTUS_EASTUS/PROVIDERS/MICROSOFT.COMPUTE/VIRTUALMACHINESCALESETS/AKS-NODEPOOL1-17411545-VMSS/VIRTUALMACHINES/2"
"a2e93672-06eb-4763-8035-d96a1c8ef85d","Health Event Updated","Updated","Resource Health","Informational","2026-08-14T23:03:09.220Z","6ad49bb6-a255-4718-b1c5-dce7e90c4130","","MICROSOFT.COMPUTE/virtualmachinescalesets/virtualmachines","MC_RG-DR-PRIMARY-EASTUS_AKS-PRIMARY-EASTUS_EASTUS","/SUBSCRIPTIONS/6AD49BB6-A255-4718-B1C5-DCE7E90C4130/RESOURCEGROUPS/MC_RG-DR-PRIMARY-EASTUS_AKS-PRIMARY-EASTUS_EASTUS/PROVIDERS/MICROSOFT.COMPUTE/VIRTUALMACHINESCALESETS/AKS-NODEPOOL1-17411545-VMSS/VIRTUALMACHINES/2"
"63cb1dae-c8bc-46a7-ae28-86f03ef32ecb","Create or Update Load Balancer","Succeeded","Administrative","Informational","2026-08-14T23:01:27.485Z","6ad49bb6-a255-4718-b1c5-dce7e90c4130","AzureContainerService","Microsoft.Network/loadBalancers","MC_rg-dr-secondary-westus_aks-secondary-westus_westus","/subscriptions/6ad49bb6-a255-4718-b1c5-dce7e90c4130/resourcegroups/MC_rg-dr-secondary-westus_aks-secondary-westus_westus/providers/Microsoft.Network/loadBalancers/kubernetes"
"63cb1dae-c8bc-46a7-ae28-86f03ef32ecb","Start Managed Cluster","Started","Administrative","Informational","2026-08-14T22:51:16.341Z","6ad49bb6-a255-4718-b1c5-dce7e90c4130","zinal3933@gmail.com","Microsoft.ContainerService/managedClusters","rg-dr-secondary-westus","/subscriptions/6ad49bb6-a255-4718-b1c5-dce7e90c4130/resourceGroups/rg-dr-secondary-westus/providers/Microsoft.ContainerService/managedClusters/aks-secondary-westus"
"63cb1dae-c8bc-46a7-ae28-86f03ef32ecb","Start Managed Cluster","Accepted","Administrative","Informational","2026-08-14T22:51:17.075Z","6ad49bb6-a255-4718-b1c5-dce7e90c4130","zinal3933@gmail.com","Microsoft.ContainerService/managedClusters","rg-dr-secondary-westus","/subscriptions/6ad49bb6-a255-4718-b1c5-dce7e90c4130/resourceGroups/rg-dr-secondary-westus/providers/Microsoft.ContainerService/managedClusters/aks-secondary-westus"
"63cb1dae-c8bc-46a7-ae28-86f03ef32ecb","Update resource group","Started","Administrative","Informational","2026-08-14T22:51:17.800Z","6ad49bb6-a255-4718-b1c5-dce7e90c4130","AzureContainerService","Microsoft.Resources/subscriptions/resourcegroups","MC_rg-dr-secondary-westus_aks-secondary-westus_westus","/subscriptions/6ad49bb6-a255-4718-b1c5-dce7e90c4130/resourcegroups/MC_rg-dr-secondary-westus_aks-secondary-westus_westus"
"63cb1dae-c8bc-46a7-ae28-86f03ef32ecb","Update resource group","Succeeded","Administrative","Informational","2026-08-14T22:51:19.862Z","6ad49bb6-a255-4718-b1c5-dce7e90c4130","AzureContainerService","Microsoft.Resources/subscriptions/resourcegroups","MC_rg-dr-secondary-westus_aks-secondary-westus_westus","/subscriptions/6ad49bb6-a255-4718-b1c5-dce7e90c4130/resourcegroups/MC_rg-dr-secondary-westus_aks-secondary-westus_westus"
"63cb1dae-c8bc-46a7-ae28-86f03ef32ecb","Create or Update Load Balancer","Started","Administrative","Informational","2026-08-14T22:51:25.806Z","6ad49bb6-a255-4718-b1c5-dce7e90c4130","AzureContainerService","Microsoft.Network/loadBalancers","MC_rg-dr-secondary-westus_aks-secondary-westus_westus","/subscriptions/6ad49bb6-a255-4718-b1c5-dce7e90c4130/resourceGroups/MC_rg-dr-secondary-westus_aks-secondary-westus_westus/providers/Microsoft.Network/loadBalancers/kubernetes"
"63cb1dae-c8bc-46a7-ae28-86f03ef32ecb","Create or Update Load Balancer","Succeeded","Administrative","Informational","2026-08-14T22:51:26.166Z","6ad49bb6-a255-4718-b1c5-dce7e90c4130","AzureContainerService","Microsoft.Network/loadBalancers","MC_rg-dr-secondary-westus_aks-secondary-westus_westus","/subscriptions/6ad49bb6-a255-4718-b1c5-dce7e90c4130/resourceGroups/MC_rg-dr-secondary-westus_aks-secondary-westus_westus/providers/Microsoft.Network/loadBalancers/kubernetes"
"63cb1dae-c8bc-46a7-ae28-86f03ef32ecb","Delete Public Ip Address","Started","Administrative","Informational","2026-08-14T22:51:26.538Z","6ad49bb6-a255-4718-b1c5-dce7e90c4130","AzureContainerService","Microsoft.Network/publicIPAddresses","MC_rg-dr-secondary-westus_aks-secondary-westus_westus","/subscriptions/6ad49bb6-a255-4718-b1c5-dce7e90c4130/resourceGroups/MC_rg-dr-secondary-westus_aks-secondary-westus_westus/providers/Microsoft.Network/publicIPAddresses/aks-managed-temp-outbound-ip"
"63cb1dae-c8bc-46a7-ae28-86f03ef32ecb","Delete Public Ip Address","Succeeded","Administrative","Informational","2026-08-14T22:51:26.600Z","6ad49bb6-a255-4718-b1c5-dce7e90c4130","AzureContainerService","Microsoft.Network/publicIPAddresses","MC_rg-dr-secondary-westus_aks-secondary-westus_westus","/subscriptions/6ad49bb6-a255-4718-b1c5-dce7e90c4130/resourceGroups/MC_rg-dr-secondary-westus_aks-secondary-westus_westus/providers/Microsoft.Network/publicIPAddresses/aks-managed-temp-outbound-ip"
"63cb1dae-c8bc-46a7-ae28-86f03ef32ecb","Set Resource Ownership","Started","Administrative","Informational","2026-08-14T22:51:30.528Z","6ad49bb6-a255-4718-b1c5-dce7e90c4130","AzureContainerService","Microsoft.Network/locations","","/subscriptions/6ad49bb6-a255-4718-b1c5-dce7e90c4130/providers/Microsoft.Network/locations/westus"
"63cb1dae-c8bc-46a7-ae28-86f03ef32ecb","Set Resource Ownership","Accepted","Administrative","Informational","2026-08-14T22:51:30.606Z","6ad49bb6-a255-4718-b1c5-dce7e90c4130","AzureContainerService","Microsoft.Network/locations","","/subscriptions/6ad49bb6-a255-4718-b1c5-dce7e90c4130/providers/Microsoft.Network/locations/westus"
"63cb1dae-c8bc-46a7-ae28-86f03ef32ecb","Create or Update Virtual Machine Scale Set","Started","Administrative","Informational","2026-08-14T22:53:19.652Z","6ad49bb6-a255-4718-b1c5-dce7e90c4130","AzureContainerService","Microsoft.Compute/virtualMachineScaleSets","MC_rg-dr-secondary-westus_aks-secondary-westus_westus","/subscriptions/6ad49bb6-a255-4718-b1c5-dce7e90c4130/resourceGroups/MC_rg-dr-secondary-westus_aks-secondary-westus_westus/providers/Microsoft.Compute/virtualMachineScaleSets/aks-nodepool1-20325240-vmss"
"63cb1dae-c8bc-46a7-ae28-86f03ef32ecb","Create or Update Virtual Machine Scale Set","Accepted","Administrative","Informational","2026-08-14T22:53:20.887Z","6ad49bb6-a255-4718-b1c5-dce7e90c4130","AzureContainerService","Microsoft.Compute/virtualMachineScaleSets","MC_rg-dr-secondary-westus_aks-secondary-westus_westus","/subscriptions/6ad49bb6-a255-4718-b1c5-dce7e90c4130/resourceGroups/MC_rg-dr-secondary-westus_aks-secondary-westus_westus/providers/Microsoft.Compute/virtualMachineScaleSets/aks-nodepool1-20325240-vmss"
"63cb1dae-c8bc-46a7-ae28-86f03ef32ecb","Create or Update Virtual Machine Scale Set","Started","Administrative","Informational","2026-08-14T22:53:45.900Z","6ad49bb6-a255-4718-b1c5-dce7e90c4130","AzureContainerService","Microsoft.Compute/virtualMachineScaleSets","MC_rg-dr-secondary-westus_aks-secondary-westus_westus","/subscriptions/6ad49bb6-a255-4718-b1c5-dce7e90c4130/resourceGroups/MC_rg-dr-secondary-westus_aks-secondary-westus_westus/providers/Microsoft.Compute/virtualMachineScaleSets/aks-nodepool1-20325240-vmss"
"63cb1dae-c8bc-46a7-ae28-86f03ef32ecb","Create or Update Virtual Machine Scale Set","Accepted","Administrative","Informational","2026-08-14T22:53:46.275Z","6ad49bb6-a255-4718-b1c5-dce7e90c4130","AzureContainerService","Microsoft.Compute/virtualMachineScaleSets","MC_rg-dr-secondary-westus_aks-secondary-westus_westus","/subscriptions/6ad49bb6-a255-4718-b1c5-dce7e90c4130/resourceGroups/MC_rg-dr-secondary-westus_aks-secondary-westus_westus/providers/Microsoft.Compute/virtualMachineScaleSets/aks-nodepool1-20325240-vmss"
"63cb1dae-c8bc-46a7-ae28-86f03ef32ecb","Create or Update Virtual Machine Scale Set","Succeeded","Administrative","Informational","2026-08-14T22:54:27.742Z","6ad49bb6-a255-4718-b1c5-dce7e90c4130","AzureContainerService","Microsoft.Compute/virtualMachineScaleSets","MC_rg-dr-secondary-westus_aks-secondary-westus_westus","/subscriptions/6ad49bb6-a255-4718-b1c5-dce7e90c4130/resourcegroups/MC_rg-dr-secondary-westus_aks-secondary-westus_westus/providers/Microsoft.Compute/virtualMachineScaleSets/aks-nodepool1-20325240-vmss"
"63cb1dae-c8bc-46a7-ae28-86f03ef32ecb","Create or Update Virtual Machine Scale Set","Succeeded","Administrative","Informational","2026-08-14T22:54:31.201Z","6ad49bb6-a255-4718-b1c5-dce7e90c4130","AzureContainerService","Microsoft.Compute/virtualMachineScaleSets","MC_rg-dr-secondary-westus_aks-secondary-westus_westus","/subscriptions/6ad49bb6-a255-4718-b1c5-dce7e90c4130/resourcegroups/MC_rg-dr-secondary-westus_aks-secondary-westus_westus/providers/Microsoft.Compute/virtualMachineScaleSets/aks-nodepool1-20325240-vmss"
"63cb1dae-c8bc-46a7-ae28-86f03ef32ecb","Validate Deployment","Started","Administrative","Informational","2026-08-14T22:54:47.006Z","6ad49bb6-a255-4718-b1c5-dce7e90c4130","AzureContainerService","Microsoft.Resources/deployments","MC_rg-dr-secondary-westus_aks-secondary-westus_westus","/subscriptions/6ad49bb6-a255-4718-b1c5-dce7e90c4130/resourceGroups/MC_rg-dr-secondary-westus_aks-secondary-westus_westus/providers/Microsoft.Resources/deployments/testCreateExtensions"
"63cb1dae-c8bc-46a7-ae28-86f03ef32ecb","Validate Deployment","Succeeded","Administrative","Informational","2026-08-14T22:54:47.631Z","6ad49bb6-a255-4718-b1c5-dce7e90c4130","AzureContainerService","Microsoft.Resources/deployments","MC_rg-dr-secondary-westus_aks-secondary-westus_westus","/subscriptions/6ad49bb6-a255-4718-b1c5-dce7e90c4130/resourceGroups/MC_rg-dr-secondary-westus_aks-secondary-westus_westus/providers/Microsoft.Resources/deployments/testCreateExtensions"
"63cb1dae-c8bc-46a7-ae28-86f03ef32ecb","Start Managed Cluster","Succeeded","Administrative","Informational","2026-08-14T22:54:53.190Z","6ad49bb6-a255-4718-b1c5-dce7e90c4130","zinal3933@gmail.com","Microsoft.ContainerService/managedClusters","rg-dr-secondary-westus","/subscriptions/6ad49bb6-a255-4718-b1c5-dce7e90c4130/resourceGroups/rg-dr-secondary-westus/providers/Microsoft.ContainerService/managedClusters/aks-secondary-westus"
"739a15a8-cf9b-4fcb-9271-603db7f31598","Create or Update Load Balancer","Succeeded","Administrative","Informational","2026-08-14T23:01:23.622Z","6ad49bb6-a255-4718-b1c5-dce7e90c4130","AzureContainerService","Microsoft.Network/loadBalancers","MC_rg-dr-primary-eastus_aks-primary-eastus_eastus","/subscriptions/6ad49bb6-a255-4718-b1c5-dce7e90c4130/resourcegroups/MC_rg-dr-primary-eastus_aks-primary-eastus_eastus/providers/Microsoft.Network/loadBalancers/kubernetes"
"739a15a8-cf9b-4fcb-9271-603db7f31598","Start Managed Cluster","Started","Administrative","Informational","2026-08-14T22:51:13.611Z","6ad49bb6-a255-4718-b1c5-dce7e90c4130","zinal3933@gmail.com","Microsoft.ContainerService/managedClusters","rg-dr-primary-eastus","/subscriptions/6ad49bb6-a255-4718-b1c5-dce7e90c4130/resourceGroups/rg-dr-primary-eastus/providers/Microsoft.ContainerService/managedClusters/aks-primary-eastus"
"739a15a8-cf9b-4fcb-9271-603db7f31598","Start Managed Cluster","Accepted","Administrative","Informational","2026-08-14T22:51:14.908Z","6ad49bb6-a255-4718-b1c5-dce7e90c4130","zinal3933@gmail.com","Microsoft.ContainerService/managedClusters","rg-dr-primary-eastus","/subscriptions/6ad49bb6-a255-4718-b1c5-dce7e90c4130/resourceGroups/rg-dr-primary-eastus/providers/Microsoft.ContainerService/managedClusters/aks-primary-eastus"
"739a15a8-cf9b-4fcb-9271-603db7f31598","Update resource group","Started","Administrative","Informational","2026-08-14T22:51:18.433Z","6ad49bb6-a255-4718-b1c5-dce7e90c4130","AzureContainerService","Microsoft.Resources/subscriptions/resourcegroups","MC_rg-dr-primary-eastus_aks-primary-eastus_eastus","/subscriptions/6ad49bb6-a255-4718-b1c5-dce7e90c4130/resourcegroups/MC_rg-dr-primary-eastus_aks-primary-eastus_eastus"
"739a15a8-cf9b-4fcb-9271-603db7f31598","Update resource group","Succeeded","Administrative","Informational","2026-08-14T22:51:20.589Z","6ad49bb6-a255-4718-b1c5-dce7e90c4130","AzureContainerService","Microsoft.Resources/subscriptions/resourcegroups","MC_rg-dr-primary-eastus_aks-primary-eastus_eastus","/subscriptions/6ad49bb6-a255-4718-b1c5-dce7e90c4130/resourcegroups/MC_rg-dr-primary-eastus_aks-primary-eastus_eastus"
"739a15a8-cf9b-4fcb-9271-603db7f31598","Create or Update Load Balancer","Started","Administrative","Informational","2026-08-14T22:51:23.011Z","6ad49bb6-a255-4718-b1c5-dce7e90c4130","AzureContainerService","Microsoft.Network/loadBalancers","MC_rg-dr-primary-eastus_aks-primary-eastus_eastus","/subscriptions/6ad49bb6-a255-4718-b1c5-dce7e90c4130/resourceGroups/MC_rg-dr-primary-eastus_aks-primary-eastus_eastus/providers/Microsoft.Network/loadBalancers/kubernetes"
"739a15a8-cf9b-4fcb-9271-603db7f31598","Create or Update Load Balancer","Succeeded","Administrative","Informational","2026-08-14T22:51:23.198Z","6ad49bb6-a255-4718-b1c5-dce7e90c4130","AzureContainerService","Microsoft.Network/loadBalancers","MC_rg-dr-primary-eastus_aks-primary-eastus_eastus","/subscriptions/6ad49bb6-a255-4718-b1c5-dce7e90c4130/resourceGroups/MC_rg-dr-primary-eastus_aks-primary-eastus_eastus/providers/Microsoft.Network/loadBalancers/kubernetes"
"739a15a8-cf9b-4fcb-9271-603db7f31598","Delete Public Ip Address","Started","Administrative","Informational","2026-08-14T22:51:23.261Z","6ad49bb6-a255-4718-b1c5-dce7e90c4130","AzureContainerService","Microsoft.Network/publicIPAddresses","MC_rg-dr-primary-eastus_aks-primary-eastus_eastus","/subscriptions/6ad49bb6-a255-4718-b1c5-dce7e90c4130/resourceGroups/MC_rg-dr-primary-eastus_aks-primary-eastus_eastus/providers/Microsoft.Network/publicIPAddresses/aks-managed-temp-outbound-ip"
"739a15a8-cf9b-4fcb-9271-603db7f31598","Delete Public Ip Address","Succeeded","Administrative","Informational","2026-08-14T22:51:23.292Z","6ad49bb6-a255-4718-b1c5-dce7e90c4130","AzureContainerService","Microsoft.Network/publicIPAddresses","MC_rg-dr-primary-eastus_aks-primary-eastus_eastus","/subscriptions/6ad49bb6-a255-4718-b1c5-dce7e90c4130/resourceGroups/MC_rg-dr-primary-eastus_aks-primary-eastus_eastus/providers/Microsoft.Network/publicIPAddresses/aks-managed-temp-outbound-ip"
"739a15a8-cf9b-4fcb-9271-603db7f31598","Set Resource Ownership","Started","Administrative","Informational","2026-08-14T22:51:25.573Z","6ad49bb6-a255-4718-b1c5-dce7e90c4130","AzureContainerService","Microsoft.Network/locations","","/subscriptions/6ad49bb6-a255-4718-b1c5-dce7e90c4130/providers/Microsoft.Network/locations/eastus"
"739a15a8-cf9b-4fcb-9271-603db7f31598","Set Resource Ownership","Accepted","Administrative","Informational","2026-08-14T22:51:25.667Z","6ad49bb6-a255-4718-b1c5-dce7e90c4130","AzureContainerService","Microsoft.Network/locations","","/subscriptions/6ad49bb6-a255-4718-b1c5-dce7e90c4130/providers/Microsoft.Network/locations/eastus"
"739a15a8-cf9b-4fcb-9271-603db7f31598","Create or Update Virtual Machine Scale Set","Started","Administrative","Informational","2026-08-14T22:53:40.572Z","6ad49bb6-a255-4718-b1c5-dce7e90c4130","AzureContainerService","Microsoft.Compute/virtualMachineScaleSets","MC_rg-dr-primary-eastus_aks-primary-eastus_eastus","/subscriptions/6ad49bb6-a255-4718-b1c5-dce7e90c4130/resourceGroups/MC_rg-dr-primary-eastus_aks-primary-eastus_eastus/providers/Microsoft.Compute/virtualMachineScaleSets/aks-nodepool1-17411545-vmss"
"739a15a8-cf9b-4fcb-9271-603db7f31598","Create or Update Virtual Machine Scale Set","Accepted","Administrative","Informational","2026-08-14T22:53:41.900Z","6ad49bb6-a255-4718-b1c5-dce7e90c4130","AzureContainerService","Microsoft.Compute/virtualMachineScaleSets","MC_rg-dr-primary-eastus_aks-primary-eastus_eastus","/subscriptions/6ad49bb6-a255-4718-b1c5-dce7e90c4130/resourceGroups/MC_rg-dr-primary-eastus_aks-primary-eastus_eastus/providers/Microsoft.Compute/virtualMachineScaleSets/aks-nodepool1-17411545-vmss"
"739a15a8-cf9b-4fcb-9271-603db7f31598","Create or Update Virtual Machine Scale Set","Succeeded","Administrative","Informational","2026-08-14T22:54:43.654Z","6ad49bb6-a255-4718-b1c5-dce7e90c4130","AzureContainerService","Microsoft.Compute/virtualMachineScaleSets","MC_rg-dr-primary-eastus_aks-primary-eastus_eastus","/subscriptions/6ad49bb6-a255-4718-b1c5-dce7e90c4130/resourcegroups/MC_rg-dr-primary-eastus_aks-primary-eastus_eastus/providers/Microsoft.Compute/virtualMachineScaleSets/aks-nodepool1-17411545-vmss"
"739a15a8-cf9b-4fcb-9271-603db7f31598","Validate Deployment","Started","Administrative","Informational","2026-08-14T22:55:34.839Z","6ad49bb6-a255-4718-b1c5-dce7e90c4130","AzureContainerService","Microsoft.Resources/deployments","MC_rg-dr-primary-eastus_aks-primary-eastus_eastus","/subscriptions/6ad49bb6-a255-4718-b1c5-dce7e90c4130/resourceGroups/MC_rg-dr-primary-eastus_aks-primary-eastus_eastus/providers/Microsoft.Resources/deployments/testCreateExtensions"
"739a15a8-cf9b-4fcb-9271-603db7f31598","Validate Deployment","Succeeded","Administrative","Informational","2026-08-14T22:55:35.323Z","6ad49bb6-a255-4718-b1c5-dce7e90c4130","AzureContainerService","Microsoft.Resources/deployments","MC_rg-dr-primary-eastus_aks-primary-eastus_eastus","/subscriptions/6ad49bb6-a255-4718-b1c5-dce7e90c4130/resourceGroups/MC_rg-dr-primary-eastus_aks-primary-eastus_eastus/providers/Microsoft.Resources/deployments/testCreateExtensions"
"739a15a8-cf9b-4fcb-9271-603db7f31598","Start Managed Cluster","Succeeded","Administrative","Informational","2026-08-14T22:55:51.066Z","6ad49bb6-a255-4718-b1c5-dce7e90c4130","zinal3933@gmail.com","Microsoft.ContainerService/managedClusters","rg-dr-primary-eastus","/subscriptions/6ad49bb6-a255-4718-b1c5-dce7e90c4130/resourceGroups/rg-dr-primary-eastus/providers/Microsoft.ContainerService/managedClusters/aks-primary-eastus"
"ea88a514-e623-4c81-86b1-4e3a5740cc6c","Create or Update Network Security Group","Succeeded","Administrative","Informational","2026-08-14T22:54:13.943Z","6ad49bb6-a255-4718-b1c5-dce7e90c4130","aks-primary-eastus","Microsoft.Network/networkSecurityGroups","mc_rg-dr-primary-eastus_aks-primary-eastus_eastus","/subscriptions/6ad49bb6-a255-4718-b1c5-dce7e90c4130/resourceGroups/mc_rg-dr-primary-eastus_aks-primary-eastus_eastus/providers/Microsoft.Network/networkSecurityGroups/aks-agentpool-26619185-nsg"
"ea88a514-e623-4c81-86b1-4e3a5740cc6c","Create or Update Network Security Group","Started","Administrative","Informational","2026-08-14T22:54:13.818Z","6ad49bb6-a255-4718-b1c5-dce7e90c4130","aks-primary-eastus","Microsoft.Network/networkSecurityGroups","mc_rg-dr-primary-eastus_aks-primary-eastus_eastus","/subscriptions/6ad49bb6-a255-4718-b1c5-dce7e90c4130/resourceGroups/mc_rg-dr-primary-eastus_aks-primary-eastus_eastus/providers/Microsoft.Network/networkSecurityGroups/aks-agentpool-26619185-nsg"
"cf6c67ca-1399-475a-876a-343c9d3c6e94","Create or Update Network Security Group","Succeeded","Administrative","Informational","2026-08-14T22:54:10.339Z","6ad49bb6-a255-4718-b1c5-dce7e90c4130","aks-primary-eastus","Microsoft.Network/networkSecurityGroups","mc_rg-dr-primary-eastus_aks-primary-eastus_eastus","/subscriptions/6ad49bb6-a255-4718-b1c5-dce7e90c4130/resourceGroups/mc_rg-dr-primary-eastus_aks-primary-eastus_eastus/providers/Microsoft.Network/networkSecurityGroups/aks-agentpool-26619185-nsg"
"cf6c67ca-1399-475a-876a-343c9d3c6e94","Create or Update Network Security Group","Started","Administrative","Informational","2026-08-14T22:54:10.229Z","6ad49bb6-a255-4718-b1c5-dce7e90c4130","aks-primary-eastus","Microsoft.Network/networkSecurityGroups","mc_rg-dr-primary-eastus_aks-primary-eastus_eastus","/subscriptions/6ad49bb6-a255-4718-b1c5-dce7e90c4130/resourceGroups/mc_rg-dr-primary-eastus_aks-primary-eastus_eastus/providers/Microsoft.Network/networkSecurityGroups/aks-agentpool-26619185-nsg"
"bcddbbcf-fd78-4125-ae20-04c349d412b0","Create or Update Network Security Group","Succeeded","Administrative","Informational","2026-08-14T22:53:55.015Z","6ad49bb6-a255-4718-b1c5-dce7e90c4130","aks-secondary-westus","Microsoft.Network/networkSecurityGroups","mc_rg-dr-secondary-westus_aks-secondary-westus_westus","/subscriptions/6ad49bb6-a255-4718-b1c5-dce7e90c4130/resourceGroups/mc_rg-dr-secondary-westus_aks-secondary-westus_westus/providers/Microsoft.Network/networkSecurityGroups/aks-agentpool-29165006-nsg"
"bcddbbcf-fd78-4125-ae20-04c349d412b0","Create or Update Network Security Group","Started","Administrative","Informational","2026-08-14T22:53:54.874Z","6ad49bb6-a255-4718-b1c5-dce7e90c4130","aks-secondary-westus","Microsoft.Network/networkSecurityGroups","mc_rg-dr-secondary-westus_aks-secondary-westus_westus","/subscriptions/6ad49bb6-a255-4718-b1c5-dce7e90c4130/resourceGroups/mc_rg-dr-secondary-westus_aks-secondary-westus_westus/providers/Microsoft.Network/networkSecurityGroups/aks-agentpool-29165006-nsg"
"8380bc00-b85c-4417-b558-11b05a7f1b49","Create or Update Network Security Group","Succeeded","Administrative","Informational","2026-08-14T22:53:46.849Z","6ad49bb6-a255-4718-b1c5-dce7e90c4130","aks-secondary-westus","Microsoft.Network/networkSecurityGroups","mc_rg-dr-secondary-westus_aks-secondary-westus_westus","/subscriptions/6ad49bb6-a255-4718-b1c5-dce7e90c4130/resourceGroups/mc_rg-dr-secondary-westus_aks-secondary-westus_westus/providers/Microsoft.Network/networkSecurityGroups/aks-agentpool-29165006-nsg"
"8380bc00-b85c-4417-b558-11b05a7f1b49","Create or Update Network Security Group","Started","Administrative","Informational","2026-08-14T22:53:46.662Z","6ad49bb6-a255-4718-b1c5-dce7e90c4130","aks-secondary-westus","Microsoft.Network/networkSecurityGroups","mc_rg-dr-secondary-westus_aks-secondary-westus_westus","/subscriptions/6ad49bb6-a255-4718-b1c5-dce7e90c4130/resourceGroups/mc_rg-dr-secondary-westus_aks-secondary-westus_westus/providers/Microsoft.Network/networkSecurityGroups/aks-agentpool-29165006-nsg"
"753f564e-87ce-4096-bb98-349eabb33451","Create or Update Network Security Group","Succeeded","Administrative","Informational","2026-08-14T22:53:37.762Z","6ad49bb6-a255-4718-b1c5-dce7e90c4130","aks-primary-eastus","Microsoft.Network/networkSecurityGroups","mc_rg-dr-primary-eastus_aks-primary-eastus_eastus","/subscriptions/6ad49bb6-a255-4718-b1c5-dce7e90c4130/resourceGroups/mc_rg-dr-primary-eastus_aks-primary-eastus_eastus/providers/Microsoft.Network/networkSecurityGroups/aks-agentpool-26619185-nsg"
"753f564e-87ce-4096-bb98-349eabb33451","Create or Update Network Security Group","Started","Administrative","Informational","2026-08-14T22:53:37.621Z","6ad49bb6-a255-4718-b1c5-dce7e90c4130","aks-primary-eastus","Microsoft.Network/networkSecurityGroups","mc_rg-dr-primary-eastus_aks-primary-eastus_eastus","/subscriptions/6ad49bb6-a255-4718-b1c5-dce7e90c4130/resourceGroups/mc_rg-dr-primary-eastus_aks-primary-eastus_eastus/providers/Microsoft.Network/networkSecurityGroups/aks-agentpool-26619185-nsg"
"75fd008f-36d4-49c7-be96-cc14bd798df0","Create or Update Network Security Group","Succeeded","Administrative","Informational","2026-08-14T22:53:32.318Z","6ad49bb6-a255-4718-b1c5-dce7e90c4130","aks-secondary-westus","Microsoft.Network/networkSecurityGroups","mc_rg-dr-secondary-westus_aks-secondary-westus_westus","/subscriptions/6ad49bb6-a255-4718-b1c5-dce7e90c4130/resourceGroups/mc_rg-dr-secondary-westus_aks-secondary-westus_westus/providers/Microsoft.Network/networkSecurityGroups/aks-agentpool-29165006-nsg"
"75fd008f-36d4-49c7-be96-cc14bd798df0","Create or Update Network Security Group","Started","Administrative","Informational","2026-08-14T22:53:32.209Z","6ad49bb6-a255-4718-b1c5-dce7e90c4130","aks-secondary-westus","Microsoft.Network/networkSecurityGroups","mc_rg-dr-secondary-westus_aks-secondary-westus_westus","/subscriptions/6ad49bb6-a255-4718-b1c5-dce7e90c4130/resourceGroups/mc_rg-dr-secondary-westus_aks-secondary-westus_westus/providers/Microsoft.Network/networkSecurityGroups/aks-agentpool-29165006-nsg"
"4ef252b9-72c3-4142-b676-a843fab9da02","Create or update action group","Succeeded","Administrative","Informational","2026-08-14T22:48:48.214Z","6ad49bb6-a255-4718-b1c5-dce7e90c4130","zinal3933@gmail.com","Microsoft.Insights/actionGroups","rg-dr-primary-eastus","/subscriptions/6ad49bb6-a255-4718-b1c5-dce7e90c4130/resourceGroups/rg-dr-primary-eastus/providers/Microsoft.Insights/actionGroups/ag-dr-alerts"
"4ef252b9-72c3-4142-b676-a843fab9da02","Create or update action group","Started","Administrative","Informational","2026-08-14T22:48:46.855Z","6ad49bb6-a255-4718-b1c5-dce7e90c4130","zinal3933@gmail.com","Microsoft.Insights/actionGroups","rg-dr-primary-eastus","/subscriptions/6ad49bb6-a255-4718-b1c5-dce7e90c4130/resourceGroups/rg-dr-primary-eastus/providers/Microsoft.Insights/actionGroups/ag-dr-alerts"
"522bbfa7-9543-4cdb-8dc6-9d9d2a9fcf6b","Health Event Updated","Updated","Resource Health","Informational","2026-08-14T21:13:15.700Z","6ad49bb6-a255-4718-b1c5-dce7e90c4130","","MICROSOFT.COMPUTE/virtualmachinescalesets/virtualmachines","MC_RG-DR-PRIMARY-EASTUS_AKS-PRIMARY-EASTUS_EASTUS","/SUBSCRIPTIONS/6AD49BB6-A255-4718-B1C5-DCE7E90C4130/RESOURCEGROUPS/MC_RG-DR-PRIMARY-EASTUS_AKS-PRIMARY-EASTUS_EASTUS/PROVIDERS/MICROSOFT.COMPUTE/VIRTUALMACHINESCALESETS/AKS-NODEPOOL1-17411545-VMSS/VIRTUALMACHINES/1"
"522bbfa7-9543-4cdb-8dc6-9d9d2a9fcf6b","Health Event Updated","Updated","Resource Health","Informational","2026-08-14T21:08:44.047Z","6ad49bb6-a255-4718-b1c5-dce7e90c4130","","MICROSOFT.COMPUTE/virtualmachinescalesets/virtualmachines","MC_RG-DR-PRIMARY-EASTUS_AKS-PRIMARY-EASTUS_EASTUS","/SUBSCRIPTIONS/6AD49BB6-A255-4718-B1C5-DCE7E90C4130/RESOURCEGROUPS/MC_RG-DR-PRIMARY-EASTUS_AKS-PRIMARY-EASTUS_EASTUS/PROVIDERS/MICROSOFT.COMPUTE/VIRTUALMACHINESCALESETS/AKS-NODEPOOL1-17411545-VMSS/VIRTUALMACHINES/1"
"159238c0-e359-4e2f-9e3e-dde705456540","Register SaaS resource provider","Succeeded","Administrative","Informational","2026-08-14T20:56:17.545Z","6ad49bb6-a255-4718-b1c5-dce7e90c4130","zinal3933@gmail.com","","","/subscriptions/6ad49bb6-a255-4718-b1c5-dce7e90c4130/providers/microsoft.saas"
"159238c0-e359-4e2f-9e3e-dde705456540","Register SaaS resource provider","Started","Administrative","Informational","2026-08-14T20:56:17.280Z","6ad49bb6-a255-4718-b1c5-dce7e90c4130","zinal3933@gmail.com","","","/subscriptions/6ad49bb6-a255-4718-b1c5-dce7e90c4130/providers/microsoft.saas"
"d9a3ae4a-4fc4-4319-bd2d-b06598b44b96","Stop Managed Cluster","Failed","Administrative","Error","2026-08-14T20:49:57.141Z","6ad49bb6-a255-4718-b1c5-dce7e90c4130","zinal3933@gmail.com","Microsoft.ContainerService/managedClusters","rg-dr-primary-eastus","/subscriptions/6ad49bb6-a255-4718-b1c5-dce7e90c4130/resourceGroups/rg-dr-primary-eastus/providers/Microsoft.ContainerService/managedClusters/aks-primary-eastus"
"d9a3ae4a-4fc4-4319-bd2d-b06598b44b96","Stop Managed Cluster","Started","Administrative","Informational","2026-08-14T20:49:57.016Z","6ad49bb6-a255-4718-b1c5-dce7e90c4130","zinal3933@gmail.com","Microsoft.ContainerService/managedClusters","rg-dr-primary-eastus","/subscriptions/6ad49bb6-a255-4718-b1c5-dce7e90c4130/resourceGroups/rg-dr-primary-eastus/providers/Microsoft.ContainerService/managedClusters/aks-primary-eastus"
"a0d663ef-2360-4133-afa3-9d9b076c4f7e","Stop Managed Cluster","Failed","Administrative","Error","2026-08-14T20:49:42.217Z","6ad49bb6-a255-4718-b1c5-dce7e90c4130","zinal3933@gmail.com","Microsoft.ContainerService/managedClusters","rg-dr-primary-eastus","/subscriptions/6ad49bb6-a255-4718-b1c5-dce7e90c4130/resourceGroups/rg-dr-primary-eastus/providers/Microsoft.ContainerService/managedClusters/aks-primary-eastus"
"a0d663ef-2360-4133-afa3-9d9b076c4f7e","Stop Managed Cluster","Started","Administrative","Informational","2026-08-14T20:49:41.982Z","6ad49bb6-a255-4718-b1c5-dce7e90c4130","zinal3933@gmail.com","Microsoft.ContainerService/managedClusters","rg-dr-primary-eastus","/subscriptions/6ad49bb6-a255-4718-b1c5-dce7e90c4130/resourceGroups/rg-dr-primary-eastus/providers/Microsoft.ContainerService/managedClusters/aks-primary-eastus"
"a7bcbe35-3403-4660-920f-253abbd2e2f3","Health Event Resolved","Resolved","Resource Health","Informational","2026-08-14T20:21:44.294Z","6ad49bb6-a255-4718-b1c5-dce7e90c4130","","MICROSOFT.COMPUTE/virtualmachinescalesets","MC_RG-DR-PRIMARY-EASTUS_AKS-PRIMARY-EASTUS_EASTUS","/SUBSCRIPTIONS/6AD49BB6-A255-4718-B1C5-DCE7E90C4130/RESOURCEGROUPS/MC_RG-DR-PRIMARY-EASTUS_AKS-PRIMARY-EASTUS_EASTUS/PROVIDERS/MICROSOFT.COMPUTE/VIRTUALMACHINESCALESETS/AKS-NODEPOOL1-17411545-VMSS"
"860ae118-bf0a-46f3-9b36-b2703eba8a85","CreateNotifications","Failed","Administrative","Error","2026-08-14T20:17:34.647Z","6ad49bb6-a255-4718-b1c5-dce7e90c4130","zinal3933@gmail.com","Microsoft.Insights/actionGroups","rg-dr-primary-eastus","/subscriptions/6ad49bb6-a255-4718-b1c5-dce7e90c4130/resourceGroups/rg-dr-primary-eastus/providers/Microsoft.Insights/actionGroups/ag-dr-alerts"
"860ae118-bf0a-46f3-9b36-b2703eba8a85","CreateNotifications","Started","Administrative","Informational","2026-08-14T20:17:34.429Z","6ad49bb6-a255-4718-b1c5-dce7e90c4130","zinal3933@gmail.com","Microsoft.Insights/actionGroups","rg-dr-primary-eastus","/subscriptions/6ad49bb6-a255-4718-b1c5-dce7e90c4130/resourceGroups/rg-dr-primary-eastus/providers/Microsoft.Insights/actionGroups/ag-dr-alerts"
"7cb8a8e7-7055-4c31-a54a-6badd7bc4bf4","Stop Managed Cluster","Succeeded","Administrative","Informational","2026-08-14T20:09:56.969Z","6ad49bb6-a255-4718-b1c5-dce7e90c4130","zinal3933@gmail.com","Microsoft.ContainerService/managedClusters","rg-dr-primary-eastus","/subscriptions/6ad49bb6-a255-4718-b1c5-dce7e90c4130/resourceGroups/rg-dr-primary-eastus/providers/Microsoft.ContainerService/managedClusters/aks-primary-eastus"
"7cb8a8e7-7055-4c31-a54a-6badd7bc4bf4","Stop Managed Cluster","Started","Administrative","Informational","2026-08-14T20:08:09.160Z","6ad49bb6-a255-4718-b1c5-dce7e90c4130","zinal3933@gmail.com","Microsoft.ContainerService/managedClusters","rg-dr-primary-eastus","/subscriptions/6ad49bb6-a255-4718-b1c5-dce7e90c4130/resourceGroups/rg-dr-primary-eastus/providers/Microsoft.ContainerService/managedClusters/aks-primary-eastus"
"7cb8a8e7-7055-4c31-a54a-6badd7bc4bf4","Stop Managed Cluster","Accepted","Administrative","Informational","2026-08-14T20:08:09.739Z","6ad49bb6-a255-4718-b1c5-dce7e90c4130","zinal3933@gmail.com","Microsoft.ContainerService/managedClusters","rg-dr-primary-eastus","/subscriptions/6ad49bb6-a255-4718-b1c5-dce7e90c4130/resourceGroups/rg-dr-primary-eastus/providers/Microsoft.ContainerService/managedClusters/aks-primary-eastus"
"7cb8a8e7-7055-4c31-a54a-6badd7bc4bf4","Delete Virtual Machines in a Virtual Machine Scale Set","Started","Administrative","Informational","2026-08-14T20:08:15.974Z","6ad49bb6-a255-4718-b1c5-dce7e90c4130","AzureContainerService","Microsoft.Compute/virtualMachineScaleSets","MC_rg-dr-primary-eastus_aks-primary-eastus_eastus","/subscriptions/6ad49bb6-a255-4718-b1c5-dce7e90c4130/resourceGroups/MC_rg-dr-primary-eastus_aks-primary-eastus_eastus/providers/Microsoft.Compute/virtualMachineScaleSets/aks-nodepool1-17411545-vmss"
"7cb8a8e7-7055-4c31-a54a-6badd7bc4bf4","Delete Virtual Machines in a Virtual Machine Scale Set","Accepted","Administrative","Informational","2026-08-14T20:08:16.052Z","6ad49bb6-a255-4718-b1c5-dce7e90c4130","AzureContainerService","Microsoft.Compute/virtualMachineScaleSets","MC_rg-dr-primary-eastus_aks-primary-eastus_eastus","/subscriptions/6ad49bb6-a255-4718-b1c5-dce7e90c4130/resourceGroups/MC_rg-dr-primary-eastus_aks-primary-eastus_eastus/providers/Microsoft.Compute/virtualMachineScaleSets/aks-nodepool1-17411545-vmss"
"7cb8a8e7-7055-4c31-a54a-6badd7bc4bf4","Delete Virtual Machines in a Virtual Machine Scale Set","Succeeded","Administrative","Informational","2026-08-14T20:08:19.798Z","6ad49bb6-a255-4718-b1c5-dce7e90c4130","AzureContainerService","Microsoft.Compute/virtualMachineScaleSets","MC_rg-dr-primary-eastus_aks-primary-eastus_eastus","/subscriptions/6ad49bb6-a255-4718-b1c5-dce7e90c4130/resourceGroups/MC_rg-dr-primary-eastus_aks-primary-eastus_eastus/providers/Microsoft.Compute/virtualMachineScaleSets/aks-nodepool1-17411545-vmss"
"df8a6f00-4745-4c09-821d-4c1ffee6993f","Health Event Activated","Active","Resource Health","Critical","2026-08-14T20:09:42.877Z","6ad49bb6-a255-4718-b1c5-dce7e90c4130","","MICROSOFT.COMPUTE/virtualmachinescalesets","MC_RG-DR-PRIMARY-EASTUS_AKS-PRIMARY-EASTUS_EASTUS","/SUBSCRIPTIONS/6AD49BB6-A255-4718-B1C5-DCE7E90C4130/RESOURCEGROUPS/MC_RG-DR-PRIMARY-EASTUS_AKS-PRIMARY-EASTUS_EASTUS/PROVIDERS/MICROSOFT.COMPUTE/VIRTUALMACHINESCALESETS/AKS-NODEPOOL1-17411545-VMSS"
"df8a6f00-4745-4c09-821d-4c1ffee6993f","Health Event Updated","Updated","Resource Health","Informational","2026-08-14T20:09:42.877Z","6ad49bb6-a255-4718-b1c5-dce7e90c4130","","MICROSOFT.COMPUTE/virtualmachinescalesets","MC_RG-DR-PRIMARY-EASTUS_AKS-PRIMARY-EASTUS_EASTUS","/SUBSCRIPTIONS/6AD49BB6-A255-4718-B1C5-DCE7E90C4130/RESOURCEGROUPS/MC_RG-DR-PRIMARY-EASTUS_AKS-PRIMARY-EASTUS_EASTUS/PROVIDERS/MICROSOFT.COMPUTE/VIRTUALMACHINESCALESETS/AKS-NODEPOOL1-17411545-VMSS"
"a7bcbe35-3403-4660-920f-253abbd2e2f3","Health Event Activated","Active","Resource Health","Critical","2026-08-14T20:09:30.830Z","6ad49bb6-a255-4718-b1c5-dce7e90c4130","","MICROSOFT.COMPUTE/virtualmachinescalesets","MC_RG-DR-PRIMARY-EASTUS_AKS-PRIMARY-EASTUS_EASTUS","/SUBSCRIPTIONS/6AD49BB6-A255-4718-B1C5-DCE7E90C4130/RESOURCEGROUPS/MC_RG-DR-PRIMARY-EASTUS_AKS-PRIMARY-EASTUS_EASTUS/PROVIDERS/MICROSOFT.COMPUTE/VIRTUALMACHINESCALESETS/AKS-NODEPOOL1-17411545-VMSS"
"a7bcbe35-3403-4660-920f-253abbd2e2f3","Health Event Resolved","Resolved","Resource Health","Informational","2026-08-14T20:00:59.566Z","6ad49bb6-a255-4718-b1c5-dce7e90c4130","","MICROSOFT.COMPUTE/virtualmachinescalesets","MC_RG-DR-PRIMARY-EASTUS_AKS-PRIMARY-EASTUS_EASTUS","/SUBSCRIPTIONS/6AD49BB6-A255-4718-B1C5-DCE7E90C4130/RESOURCEGROUPS/MC_RG-DR-PRIMARY-EASTUS_AKS-PRIMARY-EASTUS_EASTUS/PROVIDERS/MICROSOFT.COMPUTE/VIRTUALMACHINESCALESETS/AKS-NODEPOOL1-17411545-VMSS"
"a7bcbe35-3403-4660-920f-253abbd2e2f3","Health Event Updated","Updated","Resource Health","Informational","2026-08-14T20:09:30.830Z","6ad49bb6-a255-4718-b1c5-dce7e90c4130","","MICROSOFT.COMPUTE/virtualmachinescalesets","MC_RG-DR-PRIMARY-EASTUS_AKS-PRIMARY-EASTUS_EASTUS","/SUBSCRIPTIONS/6AD49BB6-A255-4718-B1C5-DCE7E90C4130/RESOURCEGROUPS/MC_RG-DR-PRIMARY-EASTUS_AKS-PRIMARY-EASTUS_EASTUS/PROVIDERS/MICROSOFT.COMPUTE/VIRTUALMACHINESCALESETS/AKS-NODEPOOL1-17411545-VMSS"
"522bbfa7-9543-4cdb-8dc6-9d9d2a9fcf6b","Health Event Activated","Active","Resource Health","Informational","2026-08-14T20:08:18.102Z","6ad49bb6-a255-4718-b1c5-dce7e90c4130","","MICROSOFT.COMPUTE/virtualmachinescalesets/virtualmachines","MC_RG-DR-PRIMARY-EASTUS_AKS-PRIMARY-EASTUS_EASTUS","/SUBSCRIPTIONS/6AD49BB6-A255-4718-B1C5-DCE7E90C4130/RESOURCEGROUPS/MC_RG-DR-PRIMARY-EASTUS_AKS-PRIMARY-EASTUS_EASTUS/PROVIDERS/MICROSOFT.COMPUTE/VIRTUALMACHINESCALESETS/AKS-NODEPOOL1-17411545-VMSS/VIRTUALMACHINES/1"
"522bbfa7-9543-4cdb-8dc6-9d9d2a9fcf6b","Health Event Updated","Updated","Resource Health","Informational","2026-08-14T20:08:17.184Z","6ad49bb6-a255-4718-b1c5-dce7e90c4130","","MICROSOFT.COMPUTE/virtualmachinescalesets/virtualmachines","MC_RG-DR-PRIMARY-EASTUS_AKS-PRIMARY-EASTUS_EASTUS","/SUBSCRIPTIONS/6AD49BB6-A255-4718-B1C5-DCE7E90C4130/RESOURCEGROUPS/MC_RG-DR-PRIMARY-EASTUS_AKS-PRIMARY-EASTUS_EASTUS/PROVIDERS/MICROSOFT.COMPUTE/VIRTUALMACHINESCALESETS/AKS-NODEPOOL1-17411545-VMSS/VIRTUALMACHINES/1"
"a4331788-276d-493e-8f0e-28d1e6530fb0","Create or Update Network Security Group","Succeeded","Administrative","Informational","2026-08-14T20:08:17.392Z","6ad49bb6-a255-4718-b1c5-dce7e90c4130","aks-primary-eastus","Microsoft.Network/networkSecurityGroups","mc_rg-dr-primary-eastus_aks-primary-eastus_eastus","/subscriptions/6ad49bb6-a255-4718-b1c5-dce7e90c4130/resourceGroups/mc_rg-dr-primary-eastus_aks-primary-eastus_eastus/providers/Microsoft.Network/networkSecurityGroups/aks-agentpool-26619185-nsg"
"a4331788-276d-493e-8f0e-28d1e6530fb0","Create or Update Network Security Group","Started","Administrative","Informational","2026-08-14T20:08:17.267Z","6ad49bb6-a255-4718-b1c5-dce7e90c4130","aks-primary-eastus","Microsoft.Network/networkSecurityGroups","mc_rg-dr-primary-eastus_aks-primary-eastus_eastus","/subscriptions/6ad49bb6-a255-4718-b1c5-dce7e90c4130/resourceGroups/mc_rg-dr-primary-eastus_aks-primary-eastus_eastus/providers/Microsoft.Network/networkSecurityGroups/aks-agentpool-26619185-nsg"
"68068079-3e15-4642-a535-2471d3515c90","Health Event Updated","Updated","Resource Health","Informational","2026-08-14T20:08:17.091Z","6ad49bb6-a255-4718-b1c5-dce7e90c4130","","MICROSOFT.COMPUTE/virtualmachinescalesets/virtualmachines","MC_RG-DR-PRIMARY-EASTUS_AKS-PRIMARY-EASTUS_EASTUS","/SUBSCRIPTIONS/6AD49BB6-A255-4718-B1C5-DCE7E90C4130/RESOURCEGROUPS/MC_RG-DR-PRIMARY-EASTUS_AKS-PRIMARY-EASTUS_EASTUS/PROVIDERS/MICROSOFT.COMPUTE/VIRTUALMACHINESCALESETS/AKS-NODEPOOL1-17411545-VMSS/VIRTUALMACHINES/1"
"17703227-dfa1-4c04-b462-0b9fae137f1d","Create or Update Load Balancer","Succeeded","Administrative","Informational","2026-08-14T19:59:02.091Z","6ad49bb6-a255-4718-b1c5-dce7e90c4130","AzureContainerService","Microsoft.Network/loadBalancers","MC_rg-dr-primary-eastus_aks-primary-eastus_eastus","/subscriptions/6ad49bb6-a255-4718-b1c5-dce7e90c4130/resourcegroups/MC_rg-dr-primary-eastus_aks-primary-eastus_eastus/providers/Microsoft.Network/loadBalancers/kubernetes"
"17703227-dfa1-4c04-b462-0b9fae137f1d","Start Managed Cluster","Started","Administrative","Informational","2026-08-14T19:48:56.035Z","6ad49bb6-a255-4718-b1c5-dce7e90c4130","zinal3933@gmail.com","Microsoft.ContainerService/managedClusters","rg-dr-primary-eastus","/subscriptions/6ad49bb6-a255-4718-b1c5-dce7e90c4130/resourceGroups/rg-dr-primary-eastus/providers/Microsoft.ContainerService/managedClusters/aks-primary-eastus"
"17703227-dfa1-4c04-b462-0b9fae137f1d","Start Managed Cluster","Accepted","Administrative","Informational","2026-08-14T19:48:56.395Z","6ad49bb6-a255-4718-b1c5-dce7e90c4130","zinal3933@gmail.com","Microsoft.ContainerService/managedClusters","rg-dr-primary-eastus","/subscriptions/6ad49bb6-a255-4718-b1c5-dce7e90c4130/resourceGroups/rg-dr-primary-eastus/providers/Microsoft.ContainerService/managedClusters/aks-primary-eastus"
"17703227-dfa1-4c04-b462-0b9fae137f1d","Update resource group","Started","Administrative","Informational","2026-08-14T19:48:57.081Z","6ad49bb6-a255-4718-b1c5-dce7e90c4130","AzureContainerService","Microsoft.Resources/subscriptions/resourcegroups","MC_rg-dr-primary-eastus_aks-primary-eastus_eastus","/subscriptions/6ad49bb6-a255-4718-b1c5-dce7e90c4130/resourcegroups/MC_rg-dr-primary-eastus_aks-primary-eastus_eastus"
"17703227-dfa1-4c04-b462-0b9fae137f1d","Update resource group","Succeeded","Administrative","Informational","2026-08-14T19:48:59.206Z","6ad49bb6-a255-4718-b1c5-dce7e90c4130","AzureContainerService","Microsoft.Resources/subscriptions/resourcegroups","MC_rg-dr-primary-eastus_aks-primary-eastus_eastus","/subscriptions/6ad49bb6-a255-4718-b1c5-dce7e90c4130/resourcegroups/MC_rg-dr-primary-eastus_aks-primary-eastus_eastus"
"17703227-dfa1-4c04-b462-0b9fae137f1d","Create or Update Load Balancer","Started","Administrative","Informational","2026-08-14T19:49:01.831Z","6ad49bb6-a255-4718-b1c5-dce7e90c4130","AzureContainerService","Microsoft.Network/loadBalancers","MC_rg-dr-primary-eastus_aks-primary-eastus_eastus","/subscriptions/6ad49bb6-a255-4718-b1c5-dce7e90c4130/resourceGroups/MC_rg-dr-primary-eastus_aks-primary-eastus_eastus/providers/Microsoft.Network/loadBalancers/kubernetes"
"17703227-dfa1-4c04-b462-0b9fae137f1d","Create or Update Load Balancer","Succeeded","Administrative","Informational","2026-08-14T19:49:01.987Z","6ad49bb6-a255-4718-b1c5-dce7e90c4130","AzureContainerService","Microsoft.Network/loadBalancers","MC_rg-dr-primary-eastus_aks-primary-eastus_eastus","/subscriptions/6ad49bb6-a255-4718-b1c5-dce7e90c4130/resourceGroups/MC_rg-dr-primary-eastus_aks-primary-eastus_eastus/providers/Microsoft.Network/loadBalancers/kubernetes"
"17703227-dfa1-4c04-b462-0b9fae137f1d","Delete Public Ip Address","Started","Administrative","Informational","2026-08-14T19:49:02.112Z","6ad49bb6-a255-4718-b1c5-dce7e90c4130","AzureContainerService","Microsoft.Network/publicIPAddresses","MC_rg-dr-primary-eastus_aks-primary-eastus_eastus","/subscriptions/6ad49bb6-a255-4718-b1c5-dce7e90c4130/resourceGroups/MC_rg-dr-primary-eastus_aks-primary-eastus_eastus/providers/Microsoft.Network/publicIPAddresses/aks-managed-temp-outbound-ip"
"17703227-dfa1-4c04-b462-0b9fae137f1d","Delete Public Ip Address","Succeeded","Administrative","Informational","2026-08-14T19:49:02.128Z","6ad49bb6-a255-4718-b1c5-dce7e90c4130","AzureContainerService","Microsoft.Network/publicIPAddresses","MC_rg-dr-primary-eastus_aks-primary-eastus_eastus","/subscriptions/6ad49bb6-a255-4718-b1c5-dce7e90c4130/resourceGroups/MC_rg-dr-primary-eastus_aks-primary-eastus_eastus/providers/Microsoft.Network/publicIPAddresses/aks-managed-temp-outbound-ip"
"17703227-dfa1-4c04-b462-0b9fae137f1d","Set Resource Ownership","Started","Administrative","Informational","2026-08-14T19:49:04.175Z","6ad49bb6-a255-4718-b1c5-dce7e90c4130","AzureContainerService","Microsoft.Network/locations","","/subscriptions/6ad49bb6-a255-4718-b1c5-dce7e90c4130/providers/Microsoft.Network/locations/eastus"
"17703227-dfa1-4c04-b462-0b9fae137f1d","Set Resource Ownership","Accepted","Administrative","Informational","2026-08-14T19:49:04.237Z","6ad49bb6-a255-4718-b1c5-dce7e90c4130","AzureContainerService","Microsoft.Network/locations","","/subscriptions/6ad49bb6-a255-4718-b1c5-dce7e90c4130/providers/Microsoft.Network/locations/eastus"
"17703227-dfa1-4c04-b462-0b9fae137f1d","Create or Update Virtual Machine Scale Set","Started","Administrative","Informational","2026-08-14T19:50:46.924Z","6ad49bb6-a255-4718-b1c5-dce7e90c4130","AzureContainerService","Microsoft.Compute/virtualMachineScaleSets","MC_rg-dr-primary-eastus_aks-primary-eastus_eastus","/subscriptions/6ad49bb6-a255-4718-b1c5-dce7e90c4130/resourceGroups/MC_rg-dr-primary-eastus_aks-primary-eastus_eastus/providers/Microsoft.Compute/virtualMachineScaleSets/aks-nodepool1-17411545-vmss"
"17703227-dfa1-4c04-b462-0b9fae137f1d","Create or Update Virtual Machine Scale Set","Accepted","Administrative","Informational","2026-08-14T19:50:48.705Z","6ad49bb6-a255-4718-b1c5-dce7e90c4130","AzureContainerService","Microsoft.Compute/virtualMachineScaleSets","MC_rg-dr-primary-eastus_aks-primary-eastus_eastus","/subscriptions/6ad49bb6-a255-4718-b1c5-dce7e90c4130/resourceGroups/MC_rg-dr-primary-eastus_aks-primary-eastus_eastus/providers/Microsoft.Compute/virtualMachineScaleSets/aks-nodepool1-17411545-vmss"
"17703227-dfa1-4c04-b462-0b9fae137f1d","Create or Update Virtual Machine Scale Set","Started","Administrative","Informational","2026-08-14T19:51:16.283Z","6ad49bb6-a255-4718-b1c5-dce7e90c4130","AzureContainerService","Microsoft.Compute/virtualMachineScaleSets","MC_rg-dr-primary-eastus_aks-primary-eastus_eastus","/subscriptions/6ad49bb6-a255-4718-b1c5-dce7e90c4130/resourceGroups/MC_rg-dr-primary-eastus_aks-primary-eastus_eastus/providers/Microsoft.Compute/virtualMachineScaleSets/aks-nodepool1-17411545-vmss"
"17703227-dfa1-4c04-b462-0b9fae137f1d","Create or Update Virtual Machine Scale Set","Accepted","Administrative","Informational","2026-08-14T19:51:16.486Z","6ad49bb6-a255-4718-b1c5-dce7e90c4130","AzureContainerService","Microsoft.Compute/virtualMachineScaleSets","MC_rg-dr-primary-eastus_aks-primary-eastus_eastus","/subscriptions/6ad49bb6-a255-4718-b1c5-dce7e90c4130/resourceGroups/MC_rg-dr-primary-eastus_aks-primary-eastus_eastus/providers/Microsoft.Compute/virtualMachineScaleSets/aks-nodepool1-17411545-vmss"
"17703227-dfa1-4c04-b462-0b9fae137f1d","Create or Update Virtual Machine Scale Set","Succeeded","Administrative","Informational","2026-08-14T19:52:28.611Z","6ad49bb6-a255-4718-b1c5-dce7e90c4130","AzureContainerService","Microsoft.Compute/virtualMachineScaleSets","MC_rg-dr-primary-eastus_aks-primary-eastus_eastus","/subscriptions/6ad49bb6-a255-4718-b1c5-dce7e90c4130/resourcegroups/MC_rg-dr-primary-eastus_aks-primary-eastus_eastus/providers/Microsoft.Compute/virtualMachineScaleSets/aks-nodepool1-17411545-vmss"
"17703227-dfa1-4c04-b462-0b9fae137f1d","Create or Update Virtual Machine Scale Set","Succeeded","Administrative","Informational","2026-08-14T19:52:28.690Z","6ad49bb6-a255-4718-b1c5-dce7e90c4130","AzureContainerService","Microsoft.Compute/virtualMachineScaleSets","MC_rg-dr-primary-eastus_aks-primary-eastus_eastus","/subscriptions/6ad49bb6-a255-4718-b1c5-dce7e90c4130/resourcegroups/MC_rg-dr-primary-eastus_aks-primary-eastus_eastus/providers/Microsoft.Compute/virtualMachineScaleSets/aks-nodepool1-17411545-vmss"
"17703227-dfa1-4c04-b462-0b9fae137f1d","Validate Deployment","Started","Administrative","Informational","2026-08-14T19:52:46.046Z","6ad49bb6-a255-4718-b1c5-dce7e90c4130","AzureContainerService","Microsoft.Resources/deployments","MC_rg-dr-primary-eastus_aks-primary-eastus_eastus","/subscriptions/6ad49bb6-a255-4718-b1c5-dce7e90c4130/resourceGroups/MC_rg-dr-primary-eastus_aks-primary-eastus_eastus/providers/Microsoft.Resources/deployments/testCreateExtensions"
"17703227-dfa1-4c04-b462-0b9fae137f1d","Validate Deployment","Succeeded","Administrative","Informational","2026-08-14T19:52:46.780Z","6ad49bb6-a255-4718-b1c5-dce7e90c4130","AzureContainerService","Microsoft.Resources/deployments","MC_rg-dr-primary-eastus_aks-primary-eastus_eastus","/subscriptions/6ad49bb6-a255-4718-b1c5-dce7e90c4130/resourceGroups/MC_rg-dr-primary-eastus_aks-primary-eastus_eastus/providers/Microsoft.Resources/deployments/testCreateExtensions"
"17703227-dfa1-4c04-b462-0b9fae137f1d","Start Managed Cluster","Succeeded","Administrative","Informational","2026-08-14T19:53:01.580Z","6ad49bb6-a255-4718-b1c5-dce7e90c4130","zinal3933@gmail.com","Microsoft.ContainerService/managedClusters","rg-dr-primary-eastus","/subscriptions/6ad49bb6-a255-4718-b1c5-dce7e90c4130/resourceGroups/rg-dr-primary-eastus/providers/Microsoft.ContainerService/managedClusters/aks-primary-eastus"
"63830126-a32f-4c00-95ae-7956715ab11c","Create or update activity log alert","Succeeded","Administrative","Informational","2026-08-14T19:56:30.947Z","6ad49bb6-a255-4718-b1c5-dce7e90c4130","zinal3933@gmail.com","Microsoft.Insights/activityLogAlerts","rg-dr-primary-eastus","/subscriptions/6ad49bb6-a255-4718-b1c5-dce7e90c4130/resourcegroups/rg-dr-primary-eastus/providers/Microsoft.Insights/activityLogAlerts/alert-aks-primary-health"
"63830126-a32f-4c00-95ae-7956715ab11c","Create or update activity log alert","Started","Administrative","Informational","2026-08-14T19:46:30.105Z","6ad49bb6-a255-4718-b1c5-dce7e90c4130","zinal3933@gmail.com","Microsoft.Insights/activityLogAlerts","rg-dr-primary-eastus","/subscriptions/6ad49bb6-a255-4718-b1c5-dce7e90c4130/resourceGroups/rg-dr-primary-eastus/providers/Microsoft.Insights/activityLogAlerts/alert-aks-primary-health"
"63830126-a32f-4c00-95ae-7956715ab11c","Create or update activity log alert","Succeeded","Administrative","Informational","2026-08-14T19:46:31.042Z","6ad49bb6-a255-4718-b1c5-dce7e90c4130","zinal3933@gmail.com","Microsoft.Insights/activityLogAlerts","rg-dr-primary-eastus","/subscriptions/6ad49bb6-a255-4718-b1c5-dce7e90c4130/resourceGroups/rg-dr-primary-eastus/providers/Microsoft.Insights/activityLogAlerts/alert-aks-primary-health"
"f493fec4-f3da-43ae-90f7-5fde90efa9ae","Create or Update Network Security Group","Succeeded","Administrative","Informational","2026-08-14T19:51:22.086Z","6ad49bb6-a255-4718-b1c5-dce7e90c4130","aks-primary-eastus","Microsoft.Network/networkSecurityGroups","mc_rg-dr-primary-eastus_aks-primary-eastus_eastus","/subscriptions/6ad49bb6-a255-4718-b1c5-dce7e90c4130/resourceGroups/mc_rg-dr-primary-eastus_aks-primary-eastus_eastus/providers/Microsoft.Network/networkSecurityGroups/aks-agentpool-26619185-nsg"
"f493fec4-f3da-43ae-90f7-5fde90efa9ae","Create or Update Network Security Group","Started","Administrative","Informational","2026-08-14T19:51:21.977Z","6ad49bb6-a255-4718-b1c5-dce7e90c4130","aks-primary-eastus","Microsoft.Network/networkSecurityGroups","mc_rg-dr-primary-eastus_aks-primary-eastus_eastus","/subscriptions/6ad49bb6-a255-4718-b1c5-dce7e90c4130/resourceGroups/mc_rg-dr-primary-eastus_aks-primary-eastus_eastus/providers/Microsoft.Network/networkSecurityGroups/aks-agentpool-26619185-nsg"
"5002f112-520f-47ae-9dd2-302ad4592923","Create or Update Network Security Group","Succeeded","Administrative","Informational","2026-08-14T19:51:20.246Z","6ad49bb6-a255-4718-b1c5-dce7e90c4130","aks-primary-eastus","Microsoft.Network/networkSecurityGroups","mc_rg-dr-primary-eastus_aks-primary-eastus_eastus","/subscriptions/6ad49bb6-a255-4718-b1c5-dce7e90c4130/resourceGroups/mc_rg-dr-primary-eastus_aks-primary-eastus_eastus/providers/Microsoft.Network/networkSecurityGroups/aks-agentpool-26619185-nsg"
"5002f112-520f-47ae-9dd2-302ad4592923","Create or Update Network Security Group","Started","Administrative","Informational","2026-08-14T19:51:20.137Z","6ad49bb6-a255-4718-b1c5-dce7e90c4130","aks-primary-eastus","Microsoft.Network/networkSecurityGroups","mc_rg-dr-primary-eastus_aks-primary-eastus_eastus","/subscriptions/6ad49bb6-a255-4718-b1c5-dce7e90c4130/resourceGroups/mc_rg-dr-primary-eastus_aks-primary-eastus_eastus/providers/Microsoft.Network/networkSecurityGroups/aks-agentpool-26619185-nsg"
"01acfcad-0f8d-40a9-83d5-a8bd4ea499db","Stop Managed Cluster","Failed","Administrative","Error","2026-08-14T19:50:35.890Z","6ad49bb6-a255-4718-b1c5-dce7e90c4130","zinal3933@gmail.com","Microsoft.ContainerService/managedClusters","rg-dr-primary-eastus","/subscriptions/6ad49bb6-a255-4718-b1c5-dce7e90c4130/resourceGroups/rg-dr-primary-eastus/providers/Microsoft.ContainerService/managedClusters/aks-primary-eastus"
"01acfcad-0f8d-40a9-83d5-a8bd4ea499db","Stop Managed Cluster","Started","Administrative","Informational","2026-08-14T19:50:35.780Z","6ad49bb6-a255-4718-b1c5-dce7e90c4130","zinal3933@gmail.com","Microsoft.ContainerService/managedClusters","rg-dr-primary-eastus","/subscriptions/6ad49bb6-a255-4718-b1c5-dce7e90c4130/resourceGroups/rg-dr-primary-eastus/providers/Microsoft.ContainerService/managedClusters/aks-primary-eastus"
"4075d1ce-195e-4ad4-905f-1d05e5565002","Create or update action group","Succeeded","Administrative","Informational","2026-08-14T19:30:12.358Z","6ad49bb6-a255-4718-b1c5-dce7e90c4130","zinal3933@gmail.com","Microsoft.Insights/actionGroups","rg-dr-primary-eastus","/subscriptions/6ad49bb6-a255-4718-b1c5-dce7e90c4130/resourcegroups/rg-dr-primary-eastus/providers/Microsoft.Insights/actiongroups/ag-dr-alerts"
"4075d1ce-195e-4ad4-905f-1d05e5565002","Create or update action group","Started","Administrative","Informational","2026-08-14T19:20:11.487Z","6ad49bb6-a255-4718-b1c5-dce7e90c4130","zinal3933@gmail.com","Microsoft.Insights/actionGroups","rg-dr-primary-eastus","/subscriptions/6ad49bb6-a255-4718-b1c5-dce7e90c4130/resourceGroups/rg-dr-primary-eastus/providers/Microsoft.Insights/actionGroups/ag-dr-alerts"
"4075d1ce-195e-4ad4-905f-1d05e5565002","Create or update action group","Succeeded","Administrative","Informational","2026-08-14T19:20:11.972Z","6ad49bb6-a255-4718-b1c5-dce7e90c4130","zinal3933@gmail.com","Microsoft.Insights/actionGroups","rg-dr-primary-eastus","/subscriptions/6ad49bb6-a255-4718-b1c5-dce7e90c4130/resourceGroups/rg-dr-primary-eastus/providers/Microsoft.Insights/actionGroups/ag-dr-alerts"
"f9090b58-f4e4-4422-ad7f-f59a4be3e7f8","Create Workspace","Succeeded","Administrative","Informational","2026-08-14T19:19:56.024Z","6ad49bb6-a255-4718-b1c5-dce7e90c4130","zinal3933@gmail.com","Microsoft.OperationalInsights/workspaces","rg-dr-primary-eastus","/subscriptions/6ad49bb6-a255-4718-b1c5-dce7e90c4130/resourcegroups/rg-dr-primary-eastus/providers/Microsoft.OperationalInsights/workspaces/log-dr-global-prod"
"f9090b58-f4e4-4422-ad7f-f59a4be3e7f8","Create Workspace","Started","Administrative","Informational","2026-08-14T19:19:35.133Z","6ad49bb6-a255-4718-b1c5-dce7e90c4130","zinal3933@gmail.com","Microsoft.OperationalInsights/workspaces","rg-dr-primary-eastus","/subscriptions/6ad49bb6-a255-4718-b1c5-dce7e90c4130/resourcegroups/rg-dr-primary-eastus/providers/Microsoft.OperationalInsights/workspaces/log-dr-global-prod"
"f9090b58-f4e4-4422-ad7f-f59a4be3e7f8","Create Workspace","Accepted","Administrative","Informational","2026-08-14T19:19:35.758Z","6ad49bb6-a255-4718-b1c5-dce7e90c4130","zinal3933@gmail.com","Microsoft.OperationalInsights/workspaces","rg-dr-primary-eastus","/subscriptions/6ad49bb6-a255-4718-b1c5-dce7e90c4130/resourcegroups/rg-dr-primary-eastus/providers/Microsoft.OperationalInsights/workspaces/log-dr-global-prod"
"1fd5fc72-c5b5-4b6e-954d-a79cce7dbe95","Health Event Updated","Updated","Resource Health","Informational","2026-08-14T18:18:56.496Z","6ad49bb6-a255-4718-b1c5-dce7e90c4130","","MICROSOFT.COMPUTE/virtualmachinescalesets/virtualmachines","MC_RG-DR-SECONDARY-WESTUS_AKS-SECONDARY-WESTUS_WESTUS","/SUBSCRIPTIONS/6AD49BB6-A255-4718-B1C5-DCE7E90C4130/RESOURCEGROUPS/MC_RG-DR-SECONDARY-WESTUS_AKS-SECONDARY-WESTUS_WESTUS/PROVIDERS/MICROSOFT.COMPUTE/VIRTUALMACHINESCALESETS/AKS-NODEPOOL1-20325240-VMSS/VIRTUALMACHINES/0"
"ec065ba7-5e67-4dd8-bf18-79a0beaf7a59","Health Event Updated","Updated","Resource Health","Informational","2026-08-14T18:16:09.392Z","6ad49bb6-a255-4718-b1c5-dce7e90c4130","","MICROSOFT.COMPUTE/virtualmachinescalesets/virtualmachines","MC_RG-DR-PRIMARY-EASTUS_AKS-PRIMARY-EASTUS_EASTUS","/SUBSCRIPTIONS/6AD49BB6-A255-4718-B1C5-DCE7E90C4130/RESOURCEGROUPS/MC_RG-DR-PRIMARY-EASTUS_AKS-PRIMARY-EASTUS_EASTUS/PROVIDERS/MICROSOFT.COMPUTE/VIRTUALMACHINESCALESETS/AKS-NODEPOOL1-17411545-VMSS/VIRTUALMACHINES/0"
